{
    "asee.org": {
        "scan_time": 1646850458.688662
    },
    "auditoryneuroscience.com": {
        "scan_time": 1646850458.688662
    },
    "clocktab.com": {
        "scan_time": 1646850458.688662
    },
    "gradeinflation.com": {
        "scan_time": 1646850458.688663
    },
    "illinois.edu": {
        "scan_time": 1646850458.688661
    },
    "it.eecs.northwestern.edu": {
        "scan_time": 1646850458.68866
    },
    "kellogg.northwestern.edu": {
        "scan_time": 1646850458.68866
    },
    "kli.org": {
        "scan_time": 1646850458.688664
    },
    "mccormick.northwestern.edu": {
        "scan_time": 1646850458.68866
    },
    "northwestern.edu": {
        "scan_time": 1646850458.688659
    },
    "pmichaud.com": {
        "scan_time": 1646850458.688663
    },
    "spacejam.com": {
        "scan_time": 1646850458.688663
    },
    "stevetarzia.com": {
        "scan_time": 1646850458.688662
    },
    "uchicago.edu": {
        "scan_time": 1646850458.688661
    },
    "users.cs.northwestern.edu": {
        "scan_time": 1646850458.68866
    }
}